Username,Password
jgjyjyg,cfugqqoP
jhgjd,hgcht2354
rOckey_01,d75v&#mDoXR6
bob,b'gAAAAABn_o1ZarWYkc916YpYIFPQalVJGofWeIyYm5hLM4HUSoH4zu_AISsikRVopI3MfW3J_XsaKowND1Q6kNqZsr6NHALrfQ=='
dg,b'gAAAAABn_pAHa2v-MpvIrZWSLEtmxL2g9HiTnx8gNV2rUwGhMFIkM-CIWeIYmuofdXiJqdWVwn_f6t_klk5AZBs1tzsHSMQWfA=='
dth,b'gAAAAABn_pBhxrn6cN6KU52FwtiIwAITqIUV7UDpanVma8gPpVcRIY6cveQVf6FAyS38m62qqg5zbInHgSBkgEgr9yd9fgPjVg=='
zdg,b'gAAAAABn_pB95endBrcBtWM3FXGddprwsjMNhhO8HIc5hAdQHVnVVQp9THVO6CF_J4LXBIM0wnZJZ96-qSQq1nStg4vvfsjiRA=='
ff,b'gAAAAABn_pT1TfuoYm7NC-P3KREfSTSp4uZk0z7US1yttKgibXnnuEJ47CZb9uGZjJJqg-DnxSyqfCutNhNURV8ut6IEQdHsYg=='
sjegf,b'gAAAAABn_pUW0AE3uEIiezi8I8-tsXP3duGvlNxQsR9jO_Kt-T0B386vuBIMevKlChZhptyA1BL0VmdLF0EOzaq15ThY0h-Jzg=='
asdg,b'gAAAAABn_8BTtWkCBgvhLM681lt-w8ogF1TJoGlNUDRr8QQEMrjVmPUFIO57xCCnTUmY69f-Ho2eKnXcb0HkKsZLPA_YflAnxA=='
